map,r,p_spin
genepc1,-0.69706,0.000999
myelin,-0.557634,0.000999
cmro2,-0.461402,0.002997
gradient_pc1,0.356469,0.028971
cmrglc,-0.397825,0.034965
isv,0.273599,0.100899
cbf,-0.269239,0.118881
evoexp,0.314704,0.121878
scalingnih,0.135482,0.321678
cbv,-0.078511,0.579421
scalingpnc,0.018215,0.879121
devexp,0.010319,0.942058
